<?xml version="1.0" encoding="UTF-8"?>
<project-private xmlns="http://www.netbeans.org/ns/project-private/1">
    <editor-bookmarks xmlns="http://www.netbeans.org/ns/editor-bookmarks/2" lastBookmarkId="0"/>
    <open-files xmlns="http://www.netbeans.org/ns/projectui-open-files/2">
        <group>
            <file>file:/C:/Users/xvpow/Documents/Ch9_20200913/src/ch9_20200913/Ch9_7.java</file>
            <file>file:/C:/Users/xvpow/Documents/Ch9_20200913/src/ch9_20200913/Product.java</file>
            <file>file:/C:/Users/xvpow/Documents/Ch9_20200913/src/ch9_20200913/Ch9_11.java</file>
            <file>file:/C:/Users/xvpow/Documents/Ch9_20200913/src/ch9_20200913/Ch9_10.java</file>
            <file>file:/C:/Users/xvpow/Documents/Ch9_20200913/src/ch9_20200913/Ch9_6.java</file>
            <file>file:/C:/Users/xvpow/Documents/Ch9_20200913/src/ch9_20200913/Ch9_8.java</file>
            <file>file:/C:/Users/xvpow/Documents/Ch9_20200913/src/ch9_20200913/Ch9_5.java</file>
            <file>file:/C:/Users/xvpow/Documents/Ch9_20200913/src/ch9_20200913/Student.java</file>
            <file>file:/C:/Users/xvpow/Documents/Ch9_20200913/src/ch9_20200913/Ch9_9.java</file>
            <file>file:/C:/Users/xvpow/Documents/Ch9_20200913/src/ch9_20200913/Ch9_12.java</file>
        </group>
    </open-files>
</project-private>
